{"py/object": "rasa_core.featurizers.MaxHistoryTrackerFeaturizer", "max_history": 2, "remove_duplicates": true, "state_featurizer": {"py/object": "rasa_core.featurizers.BinarySingleStateFeaturizer", "input_state_map": {"intent_goodbye": 1, "intent_greet": 0, "intent_inform": 3, "intent_need_help": 2, "prev_action_get_answer": 8, "prev_action_listen": 4, "prev_action_restart": 5, "prev_utter_goodbye": 7, "prev_utter_greet": 6}, "num_features": 9, "slot_feature_len": 0, "user_feature_len": 4}, "use_intent_probabilities": false}